{"format_version":1,"document":{"kind":"document","key":"4","data":{"schema_version":5},"nodes":[{"kind":"block","type":"heading-1","key":"521609abacd043a9b8f45001e3a4c7a1","isVoid":false,"data":{},"nodes":[{"kind":"text","key":"3debc76405cf48748ab1a5f3c6e8dc9f","ranges":[{"kind":"range","marks":[],"text":"15.0.0 - 2042-12-03"}]}]},{"kind":"block","type":"heading-2","key":"84bbfb7ed62a436388ff851ef7d94da0","isVoid":false,"data":{},"nodes":[{"kind":"text","key":"bbfc960d489a49a58288e1d2ef34f517","ranges":[{"kind":"range","marks":[],"text":"Fixed"}]}]},{"kind":"block","type":"list-unordered","key":"4a8826d0cc6847e58df44eeb4d7b9069","isVoid":false,"data":{},"nodes":[{"kind":"block","type":"list-item","key":"70ae13ce0f5b4365b5c528ae35b88a33","isVoid":false,"data":{},"nodes":[{"kind":"block","type":"paragraph","key":"a0dce8cb52d541fa8eb811ca3af0c205","isVoid":false,"data":{},"nodes":[{"kind":"text","key":"a5c0234d97a54902ba159d680948e08a","ranges":[{"kind":"range","marks":[],"text":"Removed humans, they weren't doing fine with animals."}]}]}]}]},{"kind":"block","type":"heading-2","key":"448fefb3f9c14931b8f41535a947b0fa","isVoid":false,"data":{},"nodes":[{"kind":"text","key":"7088e51128514dfe8676b48b22fa3ab4","ranges":[{"kind":"range","marks":[],"text":"Changed"}]}]},{"kind":"block","type":"list-unordered","key":"b367496e8cb7434bbf6cb023de36cc5e","isVoid":false,"data":{},"nodes":[{"kind":"block","type":"list-item","key":"08828fb819194a4789dfc0f41878c06b","isVoid":false,"data":{},"nodes":[{"kind":"block","type":"paragraph","key":"e140592a27c5473598038e4b7ec561c8","isVoid":false,"data":{},"nodes":[{"kind":"text","key":"0feebdbe2ed44140bd8c6f79b7081462","ranges":[{"kind":"range","marks":[],"text":"Animals are now super cute, all of them."}]}]}]}]},{"kind":"block","type":"heading-1","key":"8b9679487b8842368623294ffac5b940","isVoid":false,"data":{},"nodes":[{"kind":"text","key":"3b279436010e47109b3ef31890f9bc21","ranges":[{"kind":"range","marks":[],"text":"14.0.0 - 2042-10-06"}]}]},{"kind":"block","type":"heading-2","key":"5ee43faab0bb4097a76f3ecc0adf4ad7","isVoid":false,"data":{},"nodes":[{"kind":"text","key":"da41d821d94242beb4f67e7a3e5a0fd5","ranges":[{"kind":"range","marks":[],"text":"Added"}]}]},{"kind":"block","type":"list-unordered","key":"99e80565f95140e183f466506f1bb198","isVoid":false,"data":{},"nodes":[{"kind":"block","type":"list-item","key":"09985d0854164197b10549db030e2eea","isVoid":false,"data":{},"nodes":[{"kind":"block","type":"paragraph","key":"4411f5ca592d49bc9b50bede68220bcc","isVoid":false,"data":{},"nodes":[{"kind":"text","key":"e3268b62ef0b4e6288bc00afa80e75b9","ranges":[{"kind":"range","marks":[],"text":"Introduced animals into the world, we believe they're going to be a neat addition."}]}]}]}]},{"kind":"block","type":"paragraph","key":"2","isVoid":false,"data":{},"nodes":[{"kind":"text","key":"1","ranges":[{"kind":"range","marks":[],"text":""}]}]}]}}