{"format_version":1,"document":{"kind":"document","key":"4","data":{"schema_version":5},"nodes":[{"kind":"block","type":"heading-1","key":"c69a3af62fed4972835a79196b876bae","isVoid":false,"data":{},"nodes":[{"kind":"text","key":"7d379847a8ac43c1a329c76526f8120f","ranges":[{"kind":"range","marks":[],"text":"Can I become who I want to be?"}]}]},{"kind":"block","type":"paragraph","key":"ccfce44cca024e329ef89ce6a79c91e7","isVoid":false,"data":{},"nodes":[{"kind":"text","key":"1c11054d8cbc40f5927c29070222e1b4","ranges":[{"kind":"range","marks":[],"text":"That's a tough question but thankfully, our team is on it. Please bear with us while we're investigating."}]}]},{"kind":"block","type":"heading-1","key":"a06925cb40e94f9b97262d2c00d01126","isVoid":false,"data":{},"nodes":[{"kind":"text","key":"af53b0b47daf40c5ac5889de40062a95","ranges":[{"kind":"range","marks":[],"text":"Have you had a chance to answer the previous question?"}]}]},{"kind":"block","type":"paragraph","key":"294025d5fcb246d1a5c878efdb1e8689","isVoid":false,"data":{},"nodes":[{"kind":"text","key":"b03fabd40aa94672b16333ae9a5a35c4","ranges":[{"kind":"range","marks":[],"text":"Yes, after a few months we finally found the answer. Sadly, Mike is on vacations right now so I'm afraid we are not able to provide the answer at this point."}]}]},{"kind":"block","type":"paragraph","key":"2","isVoid":false,"data":{},"nodes":[{"kind":"text","key":"1","ranges":[{"kind":"range","marks":[],"text":""}]}]}]}}