{"format_version":1,"document":{"kind":"document","key":"4","data":{"schema_version":5},"nodes":[{"kind":"block","type":"heading-1","key":"77d00c1dcb21483db33977e7e4a083fa","isVoid":false,"data":{},"nodes":[{"kind":"text","key":"4b30d8f70d4a455fab050b741583d4cc","ranges":[{"kind":"range","marks":[],"text":"Getting Super Powers"}]}]},{"kind":"block","type":"paragraph","key":"2bb30f2c47294d1eb816ce2a7e93c3ad","isVoid":false,"data":{},"nodes":[{"kind":"text","key":"035f35b57d5043898f823265cccd6c8e","ranges":[{"kind":"range","marks":[],"text":"Becoming a super hero is a fairly straight forward process:"}]}]},{"kind":"block","type":"code","key":"f12090e3ebbe4cd69f41daaec48b83e3","isVoid":false,"data":{},"nodes":[{"kind":"block","type":"code-tab","key":"0926c33dd6f049cf800dfa2df6572d2f","isVoid":false,"data":{},"nodes":[{"kind":"block","type":"code-line","key":"a3ab082fbc59495a8c4953db9a515b51","isVoid":false,"data":{},"nodes":[{"kind":"text","key":"b20482ec6cfd48c2ba7fc021fe61be3d","ranges":[{"kind":"range","marks":[],"text":"$ give me super-powers"}]}]}]}]},{"kind":"block","type":"hint","key":"a08f1ebb5d92402da67533dbbc73a4c7","isVoid":false,"data":{"style":"info"},"nodes":[{"kind":"block","type":"paragraph","key":"9b01f5c481ac4c6a977f4fb32ce74c0b","isVoid":false,"data":{},"nodes":[{"kind":"text","key":"563b83a7c6c8401f988e32087d9572b9","ranges":[{"kind":"range","marks":[],"text":" Super-powers are granted randomly so please submit an issue if you're not happy with yours."}]}]}]},{"kind":"block","type":"paragraph","key":"f94f47cc78654afbad09b405e6fcff1e","isVoid":false,"data":{},"nodes":[{"kind":"text","key":"7361d3a595f74ad0a5f9acecf4fe3da9","ranges":[{"kind":"range","marks":[],"text":"Once you're strong enough, save the world:"}]}]},{"kind":"block","type":"code","key":"404c55084da047d3ba8268461adef633","isVoid":false,"data":{},"nodes":[{"kind":"block","type":"code-tab","key":"9d533aefed6a4b1bb6deb8941f282fb1","isVoid":false,"data":{},"nodes":[{"kind":"block","type":"code-line","key":"0201959f11214bf384957e51739119aa","isVoid":false,"data":{},"nodes":[{"kind":"text","key":"172f459700b54a599784ae32567754d3","ranges":[{"kind":"range","marks":[],"text":"// Ain't no code for that yet, sorry"}]}]},{"kind":"block","type":"code-line","key":"159ed06bcb5f41b0b16913b146edcab4","isVoid":false,"data":{},"nodes":[{"kind":"text","key":"2585f3ffc26f4fcc8e89457636250142","ranges":[{"kind":"range","marks":[],"text":"echo 'You got to trust me on this, I saved the world'"}]}]}]}]},{"kind":"block","type":"paragraph","key":"2","isVoid":false,"data":{},"nodes":[{"kind":"text","key":"1","ranges":[{"kind":"range","marks":[],"text":""}]}]}]}}