{"format_version":1,"document":{"kind":"document","key":"4","data":{"schema_version":5},"nodes":[{"kind":"block","type":"heading-1","key":"b0b3282493664b23b497eeb31b7b9481","isVoid":false,"data":{},"nodes":[{"kind":"text","key":"5be3075042f346518c3618a3cea6eef9","ranges":[{"kind":"range","marks":[],"text":"Getting Super Powers"}]}]},{"kind":"block","type":"paragraph","key":"e6508fc768074f438a717fbb6d0764b6","isVoid":false,"data":{},"nodes":[{"kind":"text","key":"11f80a3776454c15b900487b5470d5f6","ranges":[{"kind":"range","marks":[],"text":"Becoming a super hero is a fairly straight forward process:"}]}]},{"kind":"block","type":"code","key":"39a1ce3faf214ea9b2fd2d101dd3cfa3","isVoid":false,"data":{},"nodes":[{"kind":"block","type":"code-tab","key":"1b171d2668824394892a212431562cb6","isVoid":false,"data":{},"nodes":[{"kind":"block","type":"code-line","key":"4be3f80fcc8f4f0dab46ee1b4bd74602","isVoid":false,"data":{},"nodes":[{"kind":"text","key":"85c0f9f6c336414584f3cfa4a52b0084","ranges":[{"kind":"range","marks":[],"text":"$ give me super-powers"}]}]}]}]},{"kind":"block","type":"hint","key":"51a2fe1f1e84476886a2f1a48eb74d19","isVoid":false,"data":{"style":"info"},"nodes":[{"kind":"block","type":"paragraph","key":"270a6ab7e77841639473bea7493a96d2","isVoid":false,"data":{},"nodes":[{"kind":"text","key":"c0ad252404be44e9b8c80c6a616d002a","ranges":[{"kind":"range","marks":[],"text":" Super-powers are granted randomly so please submit an issue if you're not happy with yours."}]}]}]},{"kind":"block","type":"paragraph","key":"c1db299d00bd423eb8ee9a18b2f9b7dd","isVoid":false,"data":{},"nodes":[{"kind":"text","key":"615a2c5a0ead426d81252c2092736528","ranges":[{"kind":"range","marks":[],"text":"Once you're strong enough, save the world:"}]}]},{"kind":"block","type":"code","key":"75235bde31eb472c803e2a239cbca71b","isVoid":false,"data":{},"nodes":[{"kind":"block","type":"code-tab","key":"a1b5147728324752a3a65598161be586","isVoid":false,"data":{},"nodes":[{"kind":"block","type":"code-line","key":"378efa6f229f461793b787fe346cf599","isVoid":false,"data":{},"nodes":[{"kind":"text","key":"ea3a090d865448dc83a4e5a07f7c0847","ranges":[{"kind":"range","marks":[],"text":"// Ain't no code for that yet, sorry"}]}]},{"kind":"block","type":"code-line","key":"956e528e6edd4f10934a0fb06a2fb476","isVoid":false,"data":{},"nodes":[{"kind":"text","key":"c9f8fe7099b54113b76b15cd0cbbbf87","ranges":[{"kind":"range","marks":[],"text":"echo 'You got to trust me on this, I saved the world'"}]}]}]}]},{"kind":"block","type":"blockquote","key":"97c3284d566844b999996df6d303f8fc","isVoid":false,"data":{},"nodes":[{"kind":"block","type":"heading-1","key":"52f3f17c67e34b82b3efd20c5bc333b3","isVoid":false,"data":{},"nodes":[{"kind":"text","key":"d077b8b1fbbe48488270a2a95d805094","ranges":[{"kind":"range","marks":[],"text":"Yo ho yo ho a pirates life for me"}]}]}]},{"kind":"block","type":"image","key":"b6d282333a584ffc9eb59f92696aa07c","isVoid":true,"data":{"assetID":"-LlFoCJJ9QnrdHch3YzG","caption":"Corn"},"nodes":[{"kind":"text","key":"1d2f962ce7a64a83803c42230a27d118","ranges":[{"kind":"range","marks":[],"text":""}]}]}]}}