{"format_version":1,"document":{"kind":"document","key":"4","data":{"schema_version":5},"nodes":[{"kind":"block","type":"api-method","key":"38f53b1f32d042598c8b43c17d99e16f","isVoid":false,"data":{"method":"post","host":"https://api.cakes.com","path":"/v1/cakes/:id"},"nodes":[{"kind":"block","type":"api-method-summary","key":"6af5ca48ce8f4f25a1fba772847a1fd2","isVoid":false,"data":{},"nodes":[{"kind":"text","key":"2683564434f24cce9614173d820c6252","ranges":[{"kind":"range","marks":[],"text":"Get Cakes"}]}]},{"kind":"block","type":"api-method-description","key":"39ed687a5f0d46058ab39033c3fc095c","isVoid":false,"data":{},"nodes":[{"kind":"text","key":"a4c2994673e443728ce895acdefecc08","ranges":[{"kind":"range","marks":[],"text":"This endpoint allows you to get free cakes."}]}]},{"kind":"block","type":"api-method-spec","key":"680386692a8148689a6bfc4574695131","isVoid":false,"data":{},"nodes":[{"kind":"block","type":"api-method-request","key":"c9a9226615934d3789d240b7ae4e2ea7","isVoid":false,"data":{},"nodes":[{"kind":"block","type":"api-method-path-parameters","key":"bf58912fa9ce440e86b2a80a3c346ce9","isVoid":false,"data":{},"nodes":[{"kind":"block","type":"api-method-parameter","key":"7ddd1a907f204504aada645282a366ca","isVoid":false,"data":{"name":"id","type":"integer"},"nodes":[{"kind":"text","key":"6f6c06d2ac1742da9699a5ab276e39a9","ranges":[{"kind":"range","marks":[],"text":"ID of the cake to get, for free of course."}]}]}]},{"kind":"block","type":"api-method-headers","key":"b364d88238d24c44a3fcac3dbb07698c","isVoid":false,"data":{},"nodes":[{"kind":"block","type":"api-method-parameter","key":"30398593db8e4b9299ffbc630c171e0b","isVoid":false,"data":{"name":"Authentication","type":"string","required":true},"nodes":[{"kind":"text","key":"5a3b8029e64741ee842402a6704f15cc","ranges":[{"kind":"range","marks":[],"text":"Authentication token to track down who is emptying our stocks."}]}]}]},{"kind":"block","type":"api-method-query-parameters","key":"e7a0aa09435e4995a43ad82abef16460","isVoid":false,"data":{},"nodes":[{"kind":"block","type":"api-method-parameter","key":"3a2f90403e5545bd9c8258fb77f1712e","isVoid":false,"data":{"name":"recipe","type":"string"},"nodes":[{"kind":"text","key":"43d9bcc6efc5459c95c5ceac2c452df2","ranges":[{"kind":"range","marks":[],"text":"The API will do its best to find a cake matching the provided recipe."}]}]},{"kind":"block","type":"api-method-parameter","key":"cade67a97fbb460d93a7b06d11e8ce2d","isVoid":false,"data":{"name":"gluten","type":"boolean"},"nodes":[{"kind":"text","key":"a562f88d06a3444893778b1d06f9710f","ranges":[{"kind":"range","marks":[],"text":"Whether the cake should be gluten-free or not."}]}]}]}]},{"kind":"block","type":"api-method-response","key":"58e28699ec6c43fabca2a2a1992551c8","isVoid":false,"data":{},"nodes":[{"kind":"block","type":"api-method-response-example","key":"ccec7cb437fa46d2bfea9ea970c3de67","isVoid":false,"data":{"httpCode":200},"nodes":[{"kind":"block","type":"api-method-response-example-description","key":"81f618df6ad24da8be1e049ff8083cd1","isVoid":false,"data":{},"nodes":[{"kind":"text","key":"057a6704b72243fe8320ae57268b8f55","ranges":[{"kind":"range","marks":[],"text":"Cake successfully retrieved."}]}]},{"kind":"block","type":"code","key":"2fc84b125c014353815535a2922e1682","isVoid":false,"data":{},"nodes":[{"kind":"block","type":"code-tab","key":"d646e40438e9435dacb0ac9ce46da4c8","isVoid":false,"data":{"syntax":"javascript"},"nodes":[{"kind":"block","type":"code-line","key":"520afa36a7834de3a8a323cbe644c2db","isVoid":false,"data":{},"nodes":[{"kind":"text","key":"6b1a2ba6ab0f4f448d1df4a114e7fff5","ranges":[{"kind":"range","marks":[],"text":"{"}]}]},{"kind":"block","type":"code-line","key":"54d3048896de49d791cb2f1f54f57d3c","isVoid":false,"data":{},"nodes":[{"kind":"text","key":"ed37e40b4eda462a9ed99637ba9fb42c","ranges":[{"kind":"range","marks":[],"text":"    \"name\": \"Cake's name\","}]}]},{"kind":"block","type":"code-line","key":"be735bcbaf334319a1d27c9fc41db701","isVoid":false,"data":{},"nodes":[{"kind":"text","key":"ae6a77229c934f0e82a426e120fce4e7","ranges":[{"kind":"range","marks":[],"text":"    \"recipe\": \"Cake's recipe name\","}]}]},{"kind":"block","type":"code-line","key":"0ca86589c81d4de7810e51fd60d45619","isVoid":false,"data":{},"nodes":[{"kind":"text","key":"d26325cf722e4588b20613c4c4aa3283","ranges":[{"kind":"range","marks":[],"text":"    \"cake\": \"Binary cake\""}]}]},{"kind":"block","type":"code-line","key":"01019d6a9ca446d99aa4328999d1eb73","isVoid":false,"data":{},"nodes":[{"kind":"text","key":"c8dd64f9e1b34711b6554426b56671c5","ranges":[{"kind":"range","marks":[],"text":"}"}]}]}]}]}]},{"kind":"block","type":"api-method-response-example","key":"511cc1a8fbca458ea90399be0f635188","isVoid":false,"data":{"httpCode":404},"nodes":[{"kind":"block","type":"api-method-response-example-description","key":"43f53f5cfc734dfca897b38c162ecd35","isVoid":false,"data":{},"nodes":[{"kind":"text","key":"ef7deedbc992474698b64fd484154d8d","ranges":[{"kind":"range","marks":[],"text":"Could not find a cake matching this query."}]}]},{"kind":"block","type":"code","key":"f2e8af53ca6f4fa687d80ffcbda53e34","isVoid":false,"data":{},"nodes":[{"kind":"block","type":"code-tab","key":"b2a661e73ac948f6b8f45bb744e7ecb6","isVoid":false,"data":{"syntax":"javascript"},"nodes":[{"kind":"block","type":"code-line","key":"017e19a63cbb49d189a5a1994957fd5e","isVoid":false,"data":{},"nodes":[{"kind":"text","key":"d375f96416b149769d1014bf23547b03","ranges":[{"kind":"range","marks":[],"text":"{"}]}]},{"kind":"block","type":"code-line","key":"e7f80997a31246c19ba82d087394a3c9","isVoid":false,"data":{},"nodes":[{"kind":"text","key":"9303a9243ec245b69e46a8da9a8812f0","ranges":[{"kind":"range","marks":[],"text":"    \"message\": \"Ain't no cake like that.\""}]}]},{"kind":"block","type":"code-line","key":"62e0d6c222f24897a787185372e876b7","isVoid":false,"data":{},"nodes":[{"kind":"text","key":"799d9ffeea8c499e885f94dab389010b","ranges":[{"kind":"range","marks":[],"text":"}"}]}]}]}]}]}]}]}]},{"kind":"block","type":"paragraph","key":"2","isVoid":false,"data":{},"nodes":[{"kind":"text","key":"1","ranges":[{"kind":"range","marks":[],"text":""}]}]}]}}