{"format_version":1,"document":{"kind":"document","key":"4","data":{"schema_version":5},"nodes":[{"kind":"block","type":"heading-1","key":"2e0be3f654ce428d9e24051a8caceb1b","isVoid":false,"data":{},"nodes":[{"kind":"text","key":"a0230a87a6974333be67ee23b8ea89e3","ranges":[{"kind":"range","marks":[],"text":"15.0.0 - 2042-12-03"}]}]},{"kind":"block","type":"heading-2","key":"b3d962d8a5ba4b4397c7bc8504da4fe5","isVoid":false,"data":{},"nodes":[{"kind":"text","key":"9898855e8a0d48ba9520bb7f8ab9fda3","ranges":[{"kind":"range","marks":[],"text":"Fixed"}]}]},{"kind":"block","type":"list-unordered","key":"4f042556afc949f2bbbc70af9a07cdb6","isVoid":false,"data":{},"nodes":[{"kind":"block","type":"list-item","key":"d7cd53c297ba4c5f8a840bc1d52a8ffc","isVoid":false,"data":{},"nodes":[{"kind":"block","type":"paragraph","key":"9d37730387464771bb925961792fe304","isVoid":false,"data":{},"nodes":[{"kind":"text","key":"0279a33a3ba64fca8779e3e5ad0ab230","ranges":[{"kind":"range","marks":[],"text":"Removed humans, they weren't doing fine with animals."}]}]}]}]},{"kind":"block","type":"heading-2","key":"7c210378c4784c5d99fd724c9efe1293","isVoid":false,"data":{},"nodes":[{"kind":"text","key":"1898adbd781144d2b008451da4932e68","ranges":[{"kind":"range","marks":[],"text":"Changed"}]}]},{"kind":"block","type":"list-unordered","key":"9689f41505654683b4c7ca51bda6e231","isVoid":false,"data":{},"nodes":[{"kind":"block","type":"list-item","key":"affb350205164ffe9355d037ce7cc7d4","isVoid":false,"data":{},"nodes":[{"kind":"block","type":"paragraph","key":"2bd4ac57ee3c4253b14035abb4ea13dc","isVoid":false,"data":{},"nodes":[{"kind":"text","key":"3e2c3a028e7648f3805507c04eb688ff","ranges":[{"kind":"range","marks":[],"text":"Animals are now super cute, all of them."}]}]}]}]},{"kind":"block","type":"heading-1","key":"6cdc2a937e93440d9da7de4644413c90","isVoid":false,"data":{},"nodes":[{"kind":"text","key":"b59cdfe5e1ee4dc3976593963688e60c","ranges":[{"kind":"range","marks":[],"text":"14.0.0 - 2042-10-06"}]}]},{"kind":"block","type":"heading-2","key":"726bb9c3ad9d44b7bde500226797dd07","isVoid":false,"data":{},"nodes":[{"kind":"text","key":"2e5cdd9309bf4a009eb9901a01056466","ranges":[{"kind":"range","marks":[],"text":"Added"}]}]},{"kind":"block","type":"list-unordered","key":"82d318483c5446a0ba0d0ec78e958c35","isVoid":false,"data":{},"nodes":[{"kind":"block","type":"list-item","key":"a3c1d0dbb03240258ed17fbe99c74637","isVoid":false,"data":{},"nodes":[{"kind":"block","type":"paragraph","key":"c1f18edc6dd64f808cd638c744237872","isVoid":false,"data":{},"nodes":[{"kind":"text","key":"bddf11f142f14786a926f3613f0b28df","ranges":[{"kind":"range","marks":[],"text":"Introduced animals into the world, we believe they're going to be a neat addition."}]}]}]}]},{"kind":"block","type":"paragraph","key":"2","isVoid":false,"data":{},"nodes":[{"kind":"text","key":"1","ranges":[{"kind":"range","marks":[],"text":""}]}]}]}}