{"format_version":1,"document":{"kind":"document","key":"4","data":{"schema_version":5},"nodes":[{"kind":"block","type":"heading-1","key":"bd344a09f2234cb79c8c52583ec43043","isVoid":false,"data":{},"nodes":[{"kind":"text","key":"a01f8a3123d849f0a307b6507fcb204e","ranges":[{"kind":"range","marks":[],"text":"Can I become who I want to be?"}]}]},{"kind":"block","type":"paragraph","key":"8d101706951948efb09df141aafa044e","isVoid":false,"data":{},"nodes":[{"kind":"text","key":"51595f110eda4cdebd6fe6c03546e3f2","ranges":[{"kind":"range","marks":[],"text":"That's a tough question but thankfully, our team is on it. Please bear with us while we're investigating."}]}]},{"kind":"block","type":"heading-1","key":"ea2f003cdf45488fb6e1998996f8d2a6","isVoid":false,"data":{},"nodes":[{"kind":"text","key":"9cfc90c378814d7ca2bceb68612d8c2d","ranges":[{"kind":"range","marks":[],"text":"Have you had a chance to answer the previous question?"}]}]},{"kind":"block","type":"paragraph","key":"48f46e8e8b6d41059dafcb9895f28c62","isVoid":false,"data":{},"nodes":[{"kind":"text","key":"90593cfdfbcd4cbbaca3bd3e324e760e","ranges":[{"kind":"range","marks":[],"text":"Yes, after a few months we finally found the answer. Sadly, Mike is on vacations right now so I'm afraid we are not able to provide the answer at this point."}]}]},{"kind":"block","type":"paragraph","key":"2","isVoid":false,"data":{},"nodes":[{"kind":"text","key":"1","ranges":[{"kind":"range","marks":[],"text":""}]}]}]}}