{"uid":"-LlJfFhnOms47mjfmed5","message":"","createdAt":"2019-08-02T23:32:02.548Z","createdBy":"PdzUBWIj2EhGVk4YWQCv52Db7S53","parents":["-LlIVU1L5bdi0UTsRzKX","-LlJf3IvItKdrbKzHJ54"],"versions":{"master":{"ref":"master","title":"1.0.0","page":{"uid":"-LlEHCOPTx4Lrh1-hDyN","title":"What a great thing","kind":"document","description":"here we go with the data and all","path":"master","href":null,"documentURL":"https://firebasestorage.googleapis.com/v0/b/gitbook-28427.appspot.com/o/documents%2F-LlEHCOOJ-sGfeIRAK9J%2F-LlFoIsXaMeri89M7hTp%2Fmaster%2F-LlEHCOPTx4Lrh1-hDyN%2Fdocument.json?alt=media&token=62f876bf-c257-492c-9527-f281c4f55975","createdAt":"2019-08-01T22:24:29.274Z","pages":[{"uid":"-LlFhx21Q3tD_hSgzFN9","title":"Un titled title","kind":"document","description":"didnt realize this was a real word until years later","path":"un-titled","href":null,"documentURL":"https://firebasestorage.googleapis.com/v0/b/gitbook-28427.appspot.com/o/documents%2F-LlEHCOOJ-sGfeIRAK9J%2F-LlFoIsXaMeri89M7hTp%2Fmaster%2F-LlFhx21Q3tD_hSgzFN9%2Fdocument.json?alt=media&token=a57cb14d-62cb-43a5-bc4e-7b3c2c8c0728","createdAt":"2019-08-02T05:05:19.554Z","pages":[],"github":null,"isPathUntouched":false,"stats":{"words":0,"images":0,"codeLines":8,"revisions":2},"edits":{"contributions":{"PdzUBWIj2EhGVk4YWQCv52Db7S53":{"createdAt":"2019-08-02T05:06:33.978Z","updatedAt":"2019-08-02T05:34:39.363Z","count":2}}}},{"uid":"-LlFkBMj4Cqu6KCyEM5-","title":"Untitled","kind":"document","description":"","path":"untitled","href":null,"documentURL":"https://firebasestorage.googleapis.com/v0/b/gitbook-28427.appspot.com/o/documents%2F-LlEHCOOJ-sGfeIRAK9J%2F-LlFkB5sMRwwN7quHihM%2Fmaster%2F-LlFkBMj4Cqu6KCyEM5-%2Fdocument.json?alt=media&token=8e8203e9-6010-4da0-8876-51baab10df2d","createdAt":"2019-08-02T05:15:06.607Z","pages":[],"github":null,"isPathUntouched":false,"stats":{"words":47,"images":0,"codeLines":0,"revisions":1},"edits":{"contributions":{"PdzUBWIj2EhGVk4YWQCv52Db7S53":{"createdAt":"2019-08-02T05:15:20.639Z","updatedAt":"2019-08-02T05:15:20.639Z","count":1}}}},{"uid":"-LlFkDtFJWiIYP9i58hk","title":"Big Group Setting","kind":"group","description":"","path":"big-group-setting","href":null,"documentURL":null,"createdAt":"2019-08-02T05:15:16.944Z","pages":[{"uid":"-LlFkDtGw-fATo1Hoo7x","title":"My new Title","kind":"document","description":"up in here, up in here","path":"untitled","href":null,"documentURL":null,"createdAt":"2019-08-02T05:15:16.945Z","pages":[],"github":null,"isPathUntouched":false,"stats":{"words":0,"images":0,"codeLines":0,"revisions":0},"edits":{"contributions":{}}},{"uid":"-LlFos3MONgEj9qdPGLQ","title":"Untitled","kind":"document","description":"","path":"untitled-1","href":null,"documentURL":"https://firebasestorage.googleapis.com/v0/b/gitbook-28427.appspot.com/o/documents%2F-LlEHCOOJ-sGfeIRAK9J%2F-LlForgWpn7yzo2nFnYt%2Fmaster%2F-LlFos3MONgEj9qdPGLQ%2Fdocument.json?alt=media&token=22288281-174c-4880-afc0-d9a1317584c8","createdAt":"2019-08-02T05:35:34.167Z","pages":[],"github":null,"isPathUntouched":false,"stats":{"words":70,"images":0,"codeLines":0,"revisions":1},"edits":{"contributions":{"PdzUBWIj2EhGVk4YWQCv52Db7S53":{"createdAt":"2019-08-02T05:35:40.918Z","updatedAt":"2019-08-02T05:35:40.918Z","count":1}}}}],"github":null,"isPathUntouched":false,"stats":null,"edits":{"contributions":{}}}],"github":null,"isPathUntouched":false,"stats":{"words":47,"images":1,"codeLines":3,"revisions":3},"edits":{"contributions":{"PdzUBWIj2EhGVk4YWQCv52Db7S53":{"createdAt":"2019-08-02T05:06:33.977Z","updatedAt":"2019-08-02T05:34:39.362Z","count":3}}}},"github":null},"1.0.2":{"ref":"1.0.2","title":"1.0.2","page":{"uid":"-LlEHCOPTx4Lrh1-hDyN","title":"All the tags","kind":"document","description":"here we go with the data and all","path":"master","href":null,"documentURL":"https://firebasestorage.googleapis.com/v0/b/gitbook-28427.appspot.com/o/documents%2F-LlEHCOOJ-sGfeIRAK9J%2F-LlJbEUP6_-u8g5ueKMO%2F1.0.2%2F-LlEHCOPTx4Lrh1-hDyN%2Fdocument.json?alt=media&token=6a07c336-097a-414d-96f6-36ecf48da6a4","createdAt":"2019-08-01T22:24:29.274Z","pages":[{"uid":"-LlFhx21Q3tD_hSgzFN9","title":"API Page","kind":"document","description":"didnt realize this was a real word until years later","path":"api-page","href":null,"documentURL":"https://firebasestorage.googleapis.com/v0/b/gitbook-28427.appspot.com/o/documents%2F-LlEHCOOJ-sGfeIRAK9J%2F-LlIQhpFebeWgDgBM2pL%2F1.0.2%2F-LlFhx21Q3tD_hSgzFN9%2Fdocument.json?alt=media&token=ef772dd7-ab45-4a39-8b6e-e8d2825b12bd","createdAt":"2019-08-02T05:05:19.554Z","pages":[],"github":null,"isPathUntouched":false,"stats":{"words":0,"images":0,"codeLines":8,"revisions":3},"edits":{"contributions":{"PdzUBWIj2EhGVk4YWQCv52Db7S53":{"createdAt":"2019-08-02T05:06:33.978Z","updatedAt":"2019-08-02T17:45:40.404Z","count":3}}}},{"uid":"-LlFkDtFJWiIYP9i58hk","title":"Section 1","kind":"group","description":"","path":"section-1","href":null,"documentURL":null,"createdAt":"2019-08-02T05:15:16.944Z","pages":[{"uid":"-LlJbgjpqDT7qQhLPjmf","title":"Guide Page","kind":"document","description":"","path":"guide-page","href":null,"documentURL":"https://firebasestorage.googleapis.com/v0/b/gitbook-28427.appspot.com/o/documents%2F-LlEHCOOJ-sGfeIRAK9J%2F-LlJbEUP6_-u8g5ueKMO%2F1.0.2%2F-LlJbgjpqDT7qQhLPjmf%2Fdocument.json?alt=media&token=45b32c2b-654e-45e0-9f33-16b76271bbb0","createdAt":"2019-08-02T23:16:28.789Z","pages":[],"github":null,"isPathUntouched":false,"stats":{"words":38,"images":0,"codeLines":3,"revisions":1},"edits":{"contributions":{"PdzUBWIj2EhGVk4YWQCv52Db7S53":{"createdAt":"2019-08-02T23:30:59.403Z","updatedAt":"2019-08-02T23:30:59.403Z","count":1}}}},{"uid":"-LlJbrzVSteVPowvTkJM","title":"Faq Page","kind":"document","description":"","path":"faq-page","href":null,"documentURL":"https://firebasestorage.googleapis.com/v0/b/gitbook-28427.appspot.com/o/documents%2F-LlEHCOOJ-sGfeIRAK9J%2F-LlJbEUP6_-u8g5ueKMO%2F1.0.2%2F-LlJbrzVSteVPowvTkJM%2Fdocument.json?alt=media&token=fec41ca4-ec68-4b2f-abd6-c73b23d10a90","createdAt":"2019-08-02T23:17:14.848Z","pages":[],"github":null,"isPathUntouched":false,"stats":{"words":70,"images":0,"codeLines":0,"revisions":1},"edits":{"contributions":{"PdzUBWIj2EhGVk4YWQCv52Db7S53":{"createdAt":"2019-08-02T23:30:59.403Z","updatedAt":"2019-08-02T23:30:59.403Z","count":1}}}}],"github":null,"isPathUntouched":false,"stats":null,"edits":{"contributions":{}}},{"uid":"-LlJf9m0A3jdCdV6nEcN","title":"Section 2","kind":"group","description":"","path":"section-2","href":null,"documentURL":null,"createdAt":"2019-08-02T23:31:38.241Z","pages":[{"uid":"-LlJbxast_-xQPCoVFf0","title":"Change Log Page","kind":"document","description":"","path":"change-log-page","href":null,"documentURL":"https://firebasestorage.googleapis.com/v0/b/gitbook-28427.appspot.com/o/documents%2F-LlEHCOOJ-sGfeIRAK9J%2F-LlJbEUP6_-u8g5ueKMO%2F1.0.2%2F-LlJbxast_-xQPCoVFf0%2Fdocument.json?alt=media&token=d2a63f8d-737c-49c6-91cb-8449da8de4e8","createdAt":"2019-08-02T23:17:37.849Z","pages":[],"github":null,"isPathUntouched":false,"stats":{"words":47,"images":0,"codeLines":0,"revisions":1},"edits":{"contributions":{"PdzUBWIj2EhGVk4YWQCv52Db7S53":{"createdAt":"2019-08-02T23:30:59.403Z","updatedAt":"2019-08-02T23:30:59.403Z","count":1}}}}],"github":null,"isPathUntouched":false,"stats":null,"edits":{"contributions":{}}}],"github":null,"isPathUntouched":false,"stats":{"words":112,"images":1,"codeLines":4,"revisions":5},"edits":{"contributions":{"PdzUBWIj2EhGVk4YWQCv52Db7S53":{"createdAt":"2019-08-02T05:06:33.977Z","updatedAt":"2019-08-02T23:30:59.403Z","count":5}}}},"github":null}},"primaryVersionID":"1.0.2","assets":{"-LlFoCJJ9QnrdHch3YzG":{"uid":"-LlFoCJJ9QnrdHch3YzG","name":"61244.jpg","downloadURL":"https://firebasestorage.googleapis.com/v0/b/gitbook-28427.appspot.com/o/assets%2F-LlEHCOOJ-sGfeIRAK9J%2F-LlFo7E2jBgC7mJgBwRf%2F-LlFoCJJ9QnrdHch3YzG%2F61244.jpg?alt=media&token=56d10f84-7e24-4131-98b2-b7a191941405","blobSize":6301839,"createdAt":"2019-08-02T05:32:54.526Z","edits":{"contributions":{"PdzUBWIj2EhGVk4YWQCv52Db7S53":{"createdAt":"2019-08-02T05:32:47.269Z","updatedAt":"2019-08-02T05:32:47.269Z","count":1}}},"github":null,"contentType":"image/jpeg"},"-LlIYXDFANmqn4QThGOe":{"uid":"-LlIYXDFANmqn4QThGOe","name":"Land purchase list Sandridge 2018.xlsx","downloadURL":"https://firebasestorage.googleapis.com/v0/b/gitbook-28427.appspot.com/o/assets%2F-LlEHCOOJ-sGfeIRAK9J%2F-LlJbEUP6_-u8g5ueKMO%2F-LlIYXDFANmqn4QThGOe%2FLand%20purchase%20list%20Sandridge%202018.xlsx?alt=media&token=ed861518-008e-4d2a-be0b-07846cff5129","blobSize":383334,"createdAt":"2019-08-02T23:31:01.515Z","edits":{"contributions":{"PdzUBWIj2EhGVk4YWQCv52Db7S53":{"createdAt":"2019-08-02T23:30:59.402Z","updatedAt":"2019-08-02T23:30:59.402Z","count":1}}},"github":null,"contentType":"application/vnd.openxmlformats-officedocument.spreadsheetml.sheet"}},"github":[],"rollbackOf":null}