{"uid":"-LlEHCOOJ-sGfeIRAK9J","name":"Agri Tracking Systems","baseName":"ats2","ownerID":"PdzUBWIj2EhGVk4YWQCv52Db7S53","isPrivate":true,"isUnlisted":false,"secretToken":null,"createdAt":"2019-08-01T22:24:29.273Z","createdBy":"PdzUBWIj2EhGVk4YWQCv52Db7S53","logoURL":null,"fullLogoURL":null,"emoji":null,"colorPrimary":"#3884FF","headerTheme":"none","font":null,"primaryRevision":"-LlJfFhnOms47mjfmed5","algoliaAPIKey":"ZTZmOGJkMmNhMWU3NGIxNjAzZDIwMTdiM2IzODRjNjhkMWZiN2ZhMDE3ZGVhZmJkY2M2OTQwNGFiZmJhNWY0YWZpbHRlcnM9LUxsRUhDT09KLXNHZmVJUkFLOUo=","customDomain":null,"links":[],"hasGitHubSync":false,"editOnGitHub":null,"googleAnalyticsID":"UA-12187575-9","intercomID":null,"hasPageRating":true,"edits":{"contributions":{"PdzUBWIj2EhGVk4YWQCv52Db7S53":{"createdAt":"2019-08-01T22:24:29.273Z","updatedAt":"2019-08-02T23:32:02.548Z","count":8}}},"indexedRevision":"-LlJfFhnOms47mjfmed5"}